<?xml version="1.0" encoding="UTF-8"?>
<project-private xmlns="http://www.netbeans.org/ns/project-private/1">
    <editor-bookmarks xmlns="http://www.netbeans.org/ns/editor-bookmarks/2" lastBookmarkId="0"/>
    <open-files xmlns="http://www.netbeans.org/ns/projectui-open-files/2">
        <group>
            <file>file:/C:/Users/Alivi%20Milova/Documents/NetBeansProjects/TiketKonser/src/tiketkonser/total.java</file>
            <file>file:/C:/Users/Alivi%20Milova/Documents/NetBeansProjects/TiketKonser/src/tiketkonser/register.java</file>
            <file>file:/C:/Users/Alivi%20Milova/Documents/NetBeansProjects/TiketKonser/src/tiketkonser/pembelian.java</file>
            <file>file:/C:/Users/Alivi%20Milova/Documents/NetBeansProjects/TiketKonser/src/tiketkonser/TiketKonser.java</file>
            <file>file:/C:/Users/Alivi%20Milova/Documents/NetBeansProjects/TiketKonser/src/tiketkonser/menu.java</file>
            <file>file:/C:/Users/Alivi%20Milova/Documents/NetBeansProjects/TiketKonser/src/tiketkonser/tiket.java</file>
            <file>file:/C:/Users/Alivi%20Milova/Documents/NetBeansProjects/TiketKonser/src/tiketkonser/login.java</file>
            <file>file:/C:/Users/Alivi%20Milova/Documents/NetBeansProjects/TiketKonser/src/tiketkonser/DataRegister.java</file>
        </group>
    </open-files>
</project-private>
